<?xml version="1.0" encoding="UTF-8"?>
<metrics files="2" functions="0" cls="2" clsa="0" clsc="2" roots="0" leafs="2" interfs="0" maxdit="0">
  <file name="/home/manu/Projects/workspace.zend-studio/phpUnderControl/trunk/docs/log-merge/MergeCodeHelper.php" classes="1" functions="0" loc="96" cloc="73" ncloc="23" locExecutable="5" locExecuted="1" coverage="20.000000">
    <class name="phpucMergeCodeHelper" loc="36" locExecutable="5" locExecuted="1" aif="0.000000" ahf="0.000000" ca="1" ce="0" csz="3" cis="3" coverage="20.000000" dit="0" i="0.000000" impl="0" mif="0.000000" mhf="0.000000" noc="0" pf="0.000000" vars="0" varsnp="0" varsi="0" wmc="3" wmcnp="3" wmci="3">
      <method name="version520" loc="4" locExecutable="1" locExecuted="0" coverage="0.000000" ccn="1" crap="2.000000" npath="1" parameters="0"/>
      <method name="version525" loc="8" locExecutable="3" locExecuted="0" coverage="0.000000" ccn="1" crap="2.000000" npath="1" parameters="0"/>
      <method name="versionAny" loc="4" locExecutable="1" locExecuted="1" coverage="100.000000" ccn="1" crap="1.000000" npath="1" parameters="0"/>
    </class>
  </file>
  <file name="/home/manu/Projects/workspace.zend-studio/phpUnderControl/trunk/docs/log-merge/MergeCode.php" classes="1" functions="0" loc="194" cloc="97" ncloc="97" locExecutable="52" locExecuted="18" coverage="34.615385">
    <class name="phpucMergeCode" loc="132" locExecutable="52" locExecuted="18" aif="0.000000" ahf="0.000000" ca="0" ce="1" csz="3" cis="3" coverage="34.615385" dit="0" i="1.000000" impl="0" mif="0.000000" mhf="0.000000" noc="0" pf="0.000000" vars="0" varsnp="0" varsi="0" wmc="15" wmcnp="15" wmci="15">
      <method name="versionSpecific" loc="19" locExecutable="12" locExecuted="8" coverage="66.666667" ccn="3" crap="3.333333" npath="4" parameters="0"/>
      <method name="notVersionSpecific" loc="53" locExecutable="39" locExecuted="9" coverage="23.076923" ccn="11" crap="66.075102" npath="65" parameters="2"/>
      <method name="calculate" loc="4" locExecutable="1" locExecuted="1" coverage="100.000000" ccn="1" crap="1.000000" npath="1" parameters="2"/>
    </class>
  </file>
</metrics>
